{
  "performance": {
    "claim_creation": {
      "avg_time_ms": 0.020893999026156962,
      "total_time_s": 0.002089399902615696,
      "claims_per_second": 47860.63207661259
    },
    "tool_registry": {
      "avg_time_ms": 0.008966003078967333,
      "total_time_s": 0.00044830015394836664,
      "registries_per_second": 111532.41764391362
    },
    "three_part_flow": {
      "avg_time_ms": 0.08343999506905675,
      "total_time_s": 0.001668799901381135,
      "flows_per_second": 11984.660343907959
    },
    "memory": {
      "current_mb": 941.703125,
      "peak_mb": 359.86243629455566
    }
  },
  "quality": {
    "coupling": {
      "core_imports": 4,
      "circular_dependencies": false
    },
    "cohesion": {
      "core_classes": 13,
      "agent_functions": 42,
      "tool_functions": 49
    },
    "error_handling": {
      "errors_caught": 2,
      "total_tests": 0,
      "catch_rate": 0
    }
  },
  "stress": {
    "high_volume_claims": {
      "count": 1000,
      "time_seconds": 0.03757809998933226,
      "claims_per_second": 26611.244322727383
    },
    "rapid_flows": {
      "count": 50,
      "time_seconds": 0.00013760000001639128,
      "flows_per_second": 363372.09297997
    }
  },
  "scores": {
    "performance": {
      "score": 40,
      "max_score": 50,
      "percentage": 80.0
    },
    "quality": {
      "score": 20,
      "max_score": 30,
      "percentage": 66.66666666666666
    },
    "stress": {
      "score": 20,
      "max_score": 20,
      "percentage": 100.0
    },
    "overall": {
      "total_score": 80,
      "max_total": 100,
      "percentage": 80.0
    }
  },
  "total_time_seconds": 38.61185159999877
}