{
  "H001": {
    "current_score": 0.7000000000000001,
    "improvement_percentage": 0.07692307692307698,
    "success": false,
    "status": "partially_proven"
  },
  "H002": {
    "current_score": 0.7000000000000001,
    "improvement_percentage": 0.07692307692307698,
    "success": false,
    "status": "partially_proven"
  },
  "H003": {
    "current_score": 0.7000000000000001,
    "improvement_percentage": 0.07692307692307698,
    "success": false,
    "status": "partially_proven"
  },
  "H004": {
    "current_score": 0.7000000000000001,
    "improvement_percentage": 0.07692307692307698,
    "success": false,
    "status": "partially_proven"
  },
  "H005": {
    "current_score": 0.7000000000000001,
    "improvement_percentage": 0.07692307692307698,
    "success": false,
    "status": "partially_proven"
  },
  "H006": {
    "current_score": 0.7000000000000001,
    "improvement_percentage": 0.07692307692307698,
    "success": false,
    "status": "partially_proven"
  },
  "H007": {
    "current_score": 0.7000000000000001,
    "improvement_percentage": 0.07692307692307698,
    "success": false,
    "status": "partially_proven"
  },
  "H008": {
    "current_score": 0.7000000000000001,
    "improvement_percentage": 0.07692307692307698,
    "success": false,
    "status": "partially_proven"
  },
  "H009": {
    "current_score": 0.7000000000000001,
    "improvement_percentage": 0.07692307692307698,
    "success": false,
    "status": "partially_proven"
  },
  "H010": {
    "current_score": 0.7000000000000001,
    "improvement_percentage": 0.07692307692307698,
    "success": false,
    "status": "partially_proven"
  },
  "H011": {
    "current_score": 0.7000000000000001,
    "improvement_percentage": 0.07692307692307698,
    "success": false,
    "status": "partially_proven"
  },
  "H012": {
    "current_score": 0.7000000000000001,
    "improvement_percentage": 0.07692307692307698,
    "success": false,
    "status": "partially_proven"
  },
  "H013": {
    "current_score": 0.7000000000000001,
    "improvement_percentage": 0.07692307692307698,
    "success": false,
    "status": "partially_proven"
  },
  "H014": {
    "current_score": 0.7000000000000001,
    "improvement_percentage": 0.07692307692307698,
    "success": false,
    "status": "partially_proven"
  },
  "H015": {
    "current_score": 0.7000000000000001,
    "improvement_percentage": 0.07692307692307698,
    "success": false,
    "status": "partially_proven"
  },
  "H016": {
    "current_score": 0.7000000000000001,
    "improvement_percentage": 0.07692307692307698,
    "success": false,
    "status": "partially_proven"
  },
  "H017": {
    "current_score": 0.7000000000000001,
    "improvement_percentage": 0.07692307692307698,
    "success": false,
    "status": "partially_proven"
  },
  "H018": {
    "current_score": 0.7000000000000001,
    "improvement_percentage": 0.07692307692307698,
    "success": false,
    "status": "partially_proven"
  },
  "H019": {
    "current_score": 0.7000000000000001,
    "improvement_percentage": 0.07692307692307698,
    "success": false,
    "status": "partially_proven"
  },
  "H020": {
    "current_score": 0.7000000000000001,
    "improvement_percentage": 0.07692307692307698,
    "success": false,
    "status": "partially_proven"
  }
}