{
  "experiment": "E2",
  "name": "confidence-calibration",
  "timestamp": "2026-05-05T02:33:27.383288+00:00",
  "n_claims": 83,
  "n_with_ground_truth": 42,
  "calibration_formula": "C = 0.30\u00d7Local + 0.40\u00d7Direct + 0.20\u00d7Transitive + 0.10\u00d7Prior",
  "iterations": {
    "initial": {
      "mean_calibration_error": 0.09404761904761909,
      "n_errors": 42
    },
    "iteration_1": {
      "mean_calibration_error": 0.07933333333333337,
      "error_reduction": 0.014714285714285721,
      "claims_changed": 71
    },
    "iteration_2": {
      "mean_calibration_error": 0.07886428571428569,
      "total_error_reduction": 0.015183333333333396,
      "iteration_2_reduction": 0.00046904761904767445,
      "claims_changed": 75
    }
  },
  "verification": {
    "criterion": "calibration_error_reduction > 0.3 after 2 iterations",
    "actual_reduction": 0.015183333333333396,
    "passed": false
  },
  "weights_used": {
    "local": 0.3,
    "direct": 0.4,
    "transitive": 0.2,
    "prior": 0.1
  },
  "sample_errors": {
    "initial": [
      0.10000000000000003,
      0.09999999999999998,
      0.10000000000000003,
      0.10000000000000003,
      0.1,
      0.09999999999999998,
      0.09999999999999998,
      0.10000000000000003,
      0.09999999999999998,
      0.09999999999999998
    ],
    "after_iter1": [
      0.04999999999999996,
      0.06000000000000005,
      0.10000000000000003,
      0.07600000000000001,
      0.12400000000000001,
      0.04400000000000004,
      0.06000000000000005,
      0.10000000000000003,
      0.028000000000000025,
      0.028000000000000025
    ],
    "after_iter2": [
      0.11499999999999999,
      0.04200000000000004,
      0.011600000000000027,
      0.02119999999999994,
      0.12400000000000001,
      0.06279999999999997,
      0.04200000000000004,
      0.011600000000000027,
      0.08360000000000001,
      0.08360000000000001
    ]
  }
}